employee_name,user_id,O,C,E,A,N
Julian Jonathan Hess,JJH1334,45,34,42,41,32
Sebastian Elton Montgomery,SEM3097,38,38,15,14,37
Colton Gabriel Wolf,CGW3093,46,39,19,40,26
Justin Amal Tyson,JAT2921,37,47,11,20,29
India Lacota Holcomb,ILH1564,40,11,17,16,34
Maggie Jane Mcpherson,MJM3657,15,21,18,33,24
Uma Macey Ferrell,UMF2533,24,13,20,17,31
Cara Eugenia William,CEW1960,33,18,28,19,38
Zephania Valentine Shields,ZVS1637,19,41,14,27,32
Jeanette Eve Haney,JEH2787,30,13,31,41,27
Dolan Hamish Gibson,DHG0962,46,39,37,41,33
Harper Aidan Mercado,HAM1669,36,45,48,35,25
Larissa Zoe Avery,LZA2080,19,39,20,45,41
Benjamin Kenyon Fields,BKF2204,17,50,40,39,28
Raymond Allen Valencia,RAV0088,48,30,11,33,29
Jonathan Driscoll Mckee,JDM0208,17,17,34,19,36
Stacy Sharon Mack,SSM3382,43,26,20,10,32
William Grady Francis,WGF1260,36,41,16,27,30
Noble Robert Horton,NRH1383,41,48,29,45,24
Merrill Cameron Moran,MCM1250,45,40,18,30,23
Lucy Candice Wallace,LCW3879,40,14,21,42,30
Thomas Nasim Bender,TNB1616,33,38,10,43,29
Grace Phyllis Head,GPH3820,31,18,40,37,37
Medge Nicole Maldonado,MNM1161,44,17,34,24,31
Phelan Carl Bauer,PCB3623,41,40,15,10,21
Nayda Regina Oneil,NRO1752,33,16,18,45,32
Bert Hammett Graves,BHG2901,34,34,25,20,25
Matthew Davis Grant,MDG2418,44,39,23,36,38
Wang Garrison Farrell,WGF0158,23,15,16,43,26
Maxine Helen Brown,MHB2319,26,46,16,41,29
Beau Brady Brewer,BBB2993,34,48,36,22,22
Molly Jolie Hoffman,MJH0833,35,19,21,25,32
Chastity Ima Gibson,CIG0052,17,45,17,16,24
Roth Mannix Simon,RMS0266,33,40,25,23,37
Xenos Kareem Zimmerman,XKZ2998,47,38,22,18,32
Vanna Charde Fowler,VCF1602,33,22,28,42,39
Wing Gareth Cain,WGC1081,38,37,41,22,21
Jillian Sybill Briggs,JSB0783,36,43,19,47,31
Yetta Caryn Leon,YCL0650,20,30,16,10,38
Shoshana Melanie Estrada,SME1271,22,12,15,42,32
Neve Desiree Robertson,NDR1456,36,21,26,17,27
Ivor Stone Reilly,ISR1364,21,23,50,42,37
Dante Raja Roberts,DRR0162,45,36,20,36,29
Kay Fredericka Casey,KFC2251,50,12,10,14,46
Barclay Kane Maynard,BKM3611,38,43,19,33,29
Aphrodite Halee Crawford,AHC1044,16,28,16,32,32
Tatum Tallulah Rosales,TTR2089,20,26,12,40,31
Alice Deborah Sawyer,ADS0763,26,18,22,38,35
Leah Scarlet Bowen,LSB1774,19,21,43,26,38
Zane Cadman Fields,ZCF0590,42,42,42,25,31
Maia Abigail Griffin,MAG2667,46,39,48,41,34
Austin Jasper Warner,AJW1246,39,47,20,18,28
Meghan Illana Carey,MIC2235,37,18,18,39,24
David Kennan Murray,DKM3458,10,41,21,22,18
Hilda Halla Marquez,HHM1746,19,39,39,21,30
Nathan Kenneth Hicks,NKH0979,30,39,42,22,35
Chanda Nell Harris,CNH1896,20,39,12,12,23
Hilda Amela Whitaker,HAW0191,37,14,11,22,30
Eden Lucius Caldwell,ELC1173,42,33,19,30,34
Fatima Ulla Mcclure,FUM0015,33,18,18,46,32
Maggie Kimberley Keith,MKK0364,43,35,14,35,27
Melyssa Deirdre Morgan,MDM0625,18,42,36,27,24
Carol Regan Estrada,CRE2182,45,21,40,42,28
Kasper Graham Mcleod,KGM1057,45,28,43,15,34
Kylie Jeanette Callahan,KJC3748,22,34,16,42,27
Carolyn Irma Mcknight,CIM1098,23,46,20,23,20
Claire Hillary Mcfadden,CHM2081,46,22,19,39,29
Quamar Xavier Haley,QXH0396,39,42,37,12,24
Ginger Skyler Gomez,GSG2060,41,13,43,44,35
Alexis Sydney Woodward,ASW3498,42,11,41,41,32
Nero Ronan Nieves,NRN2936,34,10,19,21,29
Colby Solomon Rivera,CSR3140,36,39,18,45,33
Thomas Zahir York,TZY3133,44,38,23,39,32
Kermit Castor Elliott,KCE3468,41,33,33,23,40
Christine Tanisha Mathews,CTM1961,17,19,12,41,31
Laura Wynne Brennan,LWB2851,18,20,39,15,39
Brody Vernon Bonner,BVB1673,32,39,22,36,39
MacKenzie Miriam Blevins,MMB2722,27,19,39,18,28
Zelda Idona Ross,ZIR1732,38,38,46,29,37
Ivy Charissa Solis,ICS0956,22,20,18,35,26
Wallace Vernon Houston,WVH1911,36,45,34,15,28
Orson Dorian Potter,ODP1256,38,35,13,41,35
Trevor Quentin Hughes,TQH2580,30,39,31,33,32
Zeus Isaac Everett,ZIE0741,36,40,14,40,21
Nelle Jaime Browning,NJB3054,40,20,20,38,22
Raphael Lyle Tyson,RLT2120,44,36,39,10,29
Hashim Damon Dudley,HDD0789,44,39,30,10,29
Gabriel Andrew Pitts,GAP3154,37,16,41,27,23
Porter Clark Jefferson,PCJ2393,46,41,18,42,32
Chastity Shannon Shannon,CSS3720,21,18,30,19,28
Evan Honorato Keller,EHK3412,34,50,18,36,27
Dorian Amir Hughes,DAH1996,45,30,13,40,35
Bruce Deacon Marquez,BDM0442,27,18,38,14,34
Karly Linda Lowe,KLL0763,19,22,30,32,39
Desirae Rhoda Knight,DRK2842,30,22,20,16,28
Erasmus Wyatt Mckay,EWM3549,36,36,21,22,29
Cora Jane Kinney,CJK0200,40,29,24,38,31
Casey Cameron Trevino,CCT0020,38,36,38,50,26
Jacob Harlan Bowers,JHB0707,30,40,45,20,37
James Jonathan Benjamin,JJB1598,43,39,29,41,27
Akeem Justin Chan,AJC3636,44,36,32,38,29
Maisie Zelda Garcia,MZG2261,34,24,35,22,24
Cecilia Lynn Talley,CLT1449,22,26,22,10,25
Jada Anastasia Le,JAL0811,50,39,19,39,38
Cullen Ferdinand Rivera,CFR1166,35,35,46,32,32
Nicholas Bruce Newton,NBN2651,25,22,46,41,24
Nadine Ginger Ayala,NGA0929,36,36,41,42,32
Colin Ignatius Hines,CIH0995,41,50,36,19,40
Lee Quinn Gay,LQG1108,30,41,24,20,33
Callum Josiah Tucker,CJT1106,35,37,12,17,34
Tashya Taylor Reese,TTR0045,14,19,28,23,38
Cade Valentine Goodman,CVG1846,20,11,39,19,28
Sandra Sydnee Cole,SSC0133,34,18,18,14,24
Chastity Quyn Wilkerson,CQW0652,10,22,48,20,33
Beau Todd Romero,BTR2026,15,15,41,39,27
Michael Robert Conner,MRC2411,41,40,21,29,32
Naomi Jaden Tillman,NJT3278,15,16,36,24,34
Fatima Shafira Welch,FSW0893,40,22,14,40,36
Hilel Xenos Peterson,HXP0976,50,33,14,46,34
Mari Faith Lester,MFL0355,41,23,38,19,34
Adara Kelly Sims,AKS0448,38,12,37,41,29
Shad Xenos Welch,SXW0537,39,34,50,19,27
Arden Thaddeus Fuentes,ATF3708,17,20,24,25,31
Todd Hilel Copeland,THC2752,34,41,36,12,33
Josiah Adrian Cantrell,JAC0457,10,47,26,21,34
Rebekah Charity Gilbert,RCG1241,21,44,41,21,24
Jana Leilani Wells,JLW2924,39,15,12,17,33
Lani Odette Reed,LOR1044,40,34,41,38,24
Cassady Hadassah Heath,CHH3387,17,32,21,39,37
Joel Gage Weeks,JGW1274,39,38,16,39,24
Callum Hoyt Hughes,CHH2272,44,40,45,30,32
Prescott Amir Moses,PAM0867,50,14,41,28,34
Allen Duncan Craft,ADC2989,40,45,24,22,28
Grace Pamela Skinner,GPS0970,24,21,44,39,30
Jolie Cara Hayes,JCH1952,39,30,30,39,29
Owen Mohammad Branch,OMB2053,45,41,34,22,30
Kane Basil Humphrey,KBH3913,41,47,24,32,30
Brady James Stuart,BJS0744,38,47,18,35,27
Ocean Vielka Rodriguez,OVR3330,50,18,16,26,30
Deanna Imelda Blanchard,DIB0285,13,45,17,50,29
Burke Eagan Hoover,BEH2967,24,18,36,14,21
Xander Kennedy Watson,XKW2303,41,45,23,20,27
Coby Barry Cohen,CBC0151,41,10,42,24,24
Tarik Murphy Thornton,TMT0851,39,39,16,25,25
Basil Nathaniel Marks,BNM2933,34,39,41,23,33
Hasad Walker Mendoza,HWM1121,48,28,47,28,23
Nehru Neville Beck,NNB1355,41,32,21,45,32
Jamal Rafael Church,JRC0841,32,34,46,16,38
Camille Julie Freeman,CJF0802,36,39,38,43,21
Zeus Curran Roman,ZCR0558,38,48,25,24,28
Daria Emma Ramos,DER0400,19,19,39,20,27
Yoshi Chloe Sherman,YCS3351,19,33,26,41,22
Colt Troy Browning,CTB2090,41,22,38,13,34
Ferdinand Benjamin Dunlap,FBD2867,38,42,33,15,32
Mara Bell Hurst,MBH0476,16,15,38,36,30
Ursa Lacy Stanton,ULS1025,41,30,37,43,25
Gary Armando Norman,GAN1499,37,40,20,45,34
Allegra April Bates,AAB0398,16,38,16,26,34
Axel Malik Rosa,AMR0318,45,50,17,25,21
Tatiana Nora Blackwell,TNB3176,36,19,16,14,35
Igor Wade Riddle,IWR3469,43,42,17,20,28
Nichole Clementine Cain,NCC0195,42,15,42,44,27
Zeph Kasper Rowland,ZKR1397,45,30,37,42,29
Rhonda Joelle Mckinney,RJM3957,42,36,23,40,26
Ingrid Yoshi Stafford,IYS0556,18,18,14,19,24
Jeanette Julie Robinson,JJR3658,43,46,46,38,22
Burke Randall Burnett,BRB0355,33,21,37,19,29
Austin Gregory Flores,AGF0742,36,48,35,36,27
Daria Paula Mooney,DPM2971,32,26,39,33,30
Audrey Ria Dennis,ARD0790,17,10,23,18,30
Giacomo Francis Shelton,GFS0555,37,42,20,26,35
Rafael Stuart Figueroa,RSF1020,37,42,23,24,42
Amos Yuli Simpson,AYS0110,33,34,22,19,38
Abbot Drake Black,ADB1105,39,38,42,37,21
Xerxes Howard Wilcox,XHW0498,37,47,48,23,35
Slade Brendan Walker,SBW3023,30,41,32,21,45
Julian Joseph Shaw,JJS0013,44,35,45,39,28
Ila Shellie Hendrix,ISH0051,23,36,22,14,37
Lisandra Denise Hines,LDH3239,21,18,31,20,27
Keely Kameko Little,KKL1310,38,19,17,36,29
Dorian William Dyer,DWD2621,49,40,26,45,20
Denise Lucy Mercado,DLM0334,45,23,22,25,30
Harding Ronan Cortez,HRC0776,27,38,21,20,27
Ivor Edan Mueller,IEM1925,34,35,28,20,34
Berk Cyrus Rodgers,BCR0747,50,38,21,43,31
Felicia Sloane Cabrera,FSC0601,37,30,37,15,30
Nevada Jeanette Leonard,NJL3651,49,25,20,36,28
Colin Tate Jenkins,CTJ0669,44,33,48,20,24
Hoyt Knox Small,HKS0661,43,16,44,18,30
Stephanie Illana Vaughn,SIV1287,37,18,38,46,30
Blaine Xerxes Marquez,BXM0702,33,44,19,21,26
Dalton Phelan Clements,DPC1618,39,36,16,18,21
Hedy Darryl Noble,HDN2609,37,30,19,43,31
Nola Justina Grant,NJG3144,16,42,40,14,24
Stephen Henry Charles,SHC1499,42,36,38,26,23
Hiram Slade Fuentes,HSF1454,38,40,38,40,29
Vincent Avram Aguirre,VAA0087,36,44,42,18,23
Ira Russell Fleming,IRF2036,16,39,18,17,29
Myra Whoopi Beach,MWB0225,41,38,17,39,21
Blair Britanni Howell,BBH2509,42,38,50,23,27
Gannon Wallace Mathis,GWM1366,39,44,10,18,28
Tana Rose Curry,TRC1838,17,30,42,30,23
Emi Clio Bowers,ECB1683,12,18,35,13,25
Vanna Chloe Terry,VCT0950,46,35,17,32,31
Dale Cadman Saunders,DCS2893,37,39,17,38,24
May Blair Haney,MBH0086,18,19,21,10,29
Zorita Latifah Burns,ZLB1878,16,38,50,17,24
Abraham Kelly Dixon,AKD0332,40,38,10,44,31
Charde Breanna James,CBJ2532,22,16,36,29,29
Quinn Joseph Lloyd,QJL0818,34,43,10,14,33
Fay Marny Sharp,FMS3285,40,15,39,27,20
Madaline Quemby Spencer,MQS3541,27,37,20,22,26
Wylie Patrick Melton,WPM3609,39,43,19,14,35
Scarlet Blythe Mays,SBM2719,20,34,10,50,23
Garrett Rigel Salinas,GRS1214,36,41,34,30,17
Maxwell Ahmed Gray,MAG0780,48,43,44,42,28
Cadman Orson Rowland,COR1560,21,32,12,40,34
Wang Samuel England,WSE1363,35,30,38,35,20
Nayda Yael Snider,NYS2224,27,23,14,38,24
Aristotle Troy Everett,ATE0914,40,43,18,35,26
Miranda Tana Gay,MTG2432,42,37,24,45,27
Julie Aline Chen,JAC2001,37,22,20,16,36
Tara Adara Miranda,TAM3048,26,25,39,43,29
Rinah Xaviera Nelson,RXN2265,41,19,43,17,29
Melyssa Tatum Lowe,MTL3695,39,44,20,41,26
Maisie Ramona Evans,MRE0567,10,37,15,21,25
Matthew Barrett Mcleod,MBM0712,37,42,26,20,22
Lamar Felix Bender,LFB1624,39,37,11,34,25
William Zeus Buchanan,WZB2370,39,43,20,39,25
Myra Kay Greer,MKG0711,17,26,43,32,38
Kenneth Perry Dodson,KPD1532,39,43,14,49,37
Alec Brendan Mcdowell,ABM1021,43,32,42,40,33
Moses Alden Munoz,MAM3856,35,42,24,40,27
Jolene Fatima Burke,JFB2168,35,44,38,16,31
Stone Wing Klein,SWK1436,31,43,23,34,31
Heidi Melinda Vargas,HMV2340,29,15,16,20,32
Giacomo Edward Beck,GEB3079,37,40,50,20,30
Kai Willow Crosby,KWC3812,23,16,16,43,32
Kirestin Cora Mathis,KCM1858,16,17,39,10,26
Rebekah Marah Alston,RMA2486,25,42,10,14,21
Benjamin Nero Taylor,BNT0027,36,43,23,34,35
Dacey Hadassah Tate,DHT3715,40,21,48,38,41
Minerva Quynn Nieves,MQN0328,18,16,40,45,23
Serena TaShya Mueller,STM2399,42,15,43,14,20
Xanthus Gray Stuart,XGS1660,41,38,22,39,33
Geraldine Mikayla Britt,GMB3703,39,22,33,37,24
Jonathan John Martinez,JJM0203,37,36,18,30,28
Kenneth Akeem Johns,KAJ1413,39,39,16,26,23
Angelica Jane Barlow,AJB0002,14,24,20,43,29
Dexter Rashad Pollard,DRP1582,37,43,12,21,25
Omar Chaney Thompson,OCT0812,41,50,27,48,28
Bevis Russell Fox,BRF1559,34,41,47,13,35
Hanae Rama Thomas,HRT0984,39,37,16,36,28
Gavin Leo Mueller,GLM3106,20,41,25,31,20
Yardley Oren Harper,YOH1176,40,36,16,35,28
Mara Ebony Gonzalez,MEG2798,40,33,38,22,31
Lael Shaine Conner,LSC1951,18,46,14,37,34
Alden Ali Stark,AAS0144,43,31,21,13,23
Vladimir Samson Blanchard,VSB1317,43,44,40,18,28
Beau Nehru Kidd,BNK0087,39,46,39,19,32
Mikayla Hilary Patel,MHP1692,18,26,36,40,30
Jesse Dillon Carson,JDC2176,11,36,50,48,28
Perry Micah Franklin,PMF0768,48,37,38,37,27
Priscilla Sage Steele,PSS3940,38,17,48,20,26
Honorato Akeem Fry,HAF1891,32,40,18,14,36
Camden Xanthus Bush,CXB1305,47,39,39,18,32
Nora Paloma Sparks,NPS1563,18,38,10,38,29
Ora Jeanette Cervantes,OJC3581,19,38,42,25,29
Jelani Blaze Beach,JBB1736,46,35,20,42,28
Isaac Kirk Price,IKP1047,24,46,15,22,31
Walter Christopher Henry,WCH2238,30,36,32,23,34
Imelda Macey Kline,IMK3365,21,17,31,42,36
May Blair Hayden,MBH1177,21,44,36,21,22
Olympia Rama Langley,ORL3995,20,19,12,30,33
Mercedes Kristen Rivas,MKR3238,33,38,20,47,36
Drew Owen Coleman,DOC1734,34,40,22,30,17
Yasir Declan Mooney,YDM1822,21,28,43,24,26
Mannix Benjamin Avery,MBA2092,36,44,37,22,33
Flavia Wendy Larson,FWL2806,15,24,19,36,29
Charissa Sydney Woodward,CSW1377,40,44,32,37,22
Kaden Aubrey Craig,KAC1774,34,40,37,34,31
Kato Eagan Marquez,KEM0113,38,43,31,11,22
Rebecca Camille Larsen,RCL0068,43,18,19,23,28
Beverly Hayfa Alvarez,BHA1577,19,18,42,22,23
Wing Phelan Howell,WPH0408,35,37,42,25,33
Brittany Britanni Cantrell,BBC3942,22,30,41,17,26
Chandler Dalton Bass,CDB2947,38,43,16,41,26
Freya Mara Gould,FMG1549,23,35,32,33,26
Kasimir Seth Summers,KSS1005,42,36,47,17,28
Lacey Nomlanga Rasmussen,LNR0656,25,39,12,30,23
Coby Bruce Willis,CBW2427,45,21,18,20,29
Sean Chaim Owen,SCO1719,40,40,15,39,28
Ivor Uriah Hurley,IUH2250,46,13,39,17,28
Dennis Rooney Mercer,DRM2932,40,41,39,39,25
James Kane Hunter,JKH3810,38,50,25,14,27
Lawrence Levi Turner,LLT0291,39,42,37,30,26
Stone Jonah Young,SJY3732,36,43,29,25,25
Chester Caldwell Mendoza,CCM0467,43,40,19,26,25
Jade Rebekah Austin,JRA0522,10,20,24,13,29
Keely Charissa Leon,KCL2310,19,17,37,14,35
Robert Garth Barron,RGB0901,17,12,43,14,29
Ciaran Nigel Dickerson,CND3858,34,48,14,30,34
Barrett Allen Trevino,BAT3066,44,20,45,14,29
Eliana Bertha Vinson,EBV1834,33,25,26,24,29
Joelle Macey Black,JMB0141,23,16,37,19,36
Nola Lucy Nicholson,NLN0673,10,43,35,48,32
Imelda Ivy Fletcher,IIF2584,18,42,15,39,24
Mia Lysandra Walls,MLW2240,21,22,26,27,29
Vernon Samuel Sawyer,VSS0154,43,49,10,40,30
Xander Lucian Blake,XLB2474,43,39,47,34,32
Lydia Colleen Ray,LCR1537,36,22,21,42,35
Heather Karyn Baird,HKB3739,14,39,38,20,38
Yasir Benjamin Daniels,YBD1929,41,38,21,38,18
Rae Melissa Wilson,RMW0542,17,21,20,13,41
Madaline Yael Leon,MYL3371,34,23,39,40,27
Fitzgerald Aquila Head,FAH1566,39,30,25,41,21
Amy Kim Kennedy,AKK2125,29,47,50,22,33
Aiko Lucy Lott,ALL0915,38,15,21,23,23
Amir Akeem Garrison,AAG1447,41,36,17,20,29
Sarah Cleo Hubbard,SCH1013,16,43,17,44,31
Nita Jeanette Hooper,NJH0458,20,37,47,36,43
Keelie Zoe Durham,KZD3197,26,46,39,41,29
Kay Elizabeth Mack,KEM1208,44,21,29,32,21
Althea Nevada Hoffman,ANH1583,15,37,23,45,32
Britanni Quon Wall,BQW1904,17,40,48,42,31
Tasha Adrienne Witt,TAW0689,36,25,24,32,29
Eugenia Ingrid Wolfe,EIW0714,26,42,15,24,29
Shad Jack Dillon,SJD1957,32,39,18,15,33
Kibo Oleg Tyler,KOT3066,34,38,42,46,32
Elmo Ivor Harris,EIH0064,34,42,23,14,33
Pearl Ginger Mccoy,PGM0342,24,23,41,16,31
Hillary Jeanette Hewitt,HJH1982,23,17,19,29,26
Uriel Axel Diaz,UAD0771,46,34,15,30,31
Caryn Odette Bond,COB0461,10,39,25,41,26
Erin Tamekah Gallagher,ETG2821,19,10,38,19,30
Lysandra Unity Hinton,LUH1376,16,30,20,37,35
Whitney Samantha Ellison,WSE1949,22,43,36,24,22
Sarah Rebekah Burke,SRB2276,25,18,43,16,28
Amal Ashton Jefferson,AAJ0723,37,37,18,38,28
Porter Paul Riddle,PPR2365,30,35,36,39,28
Marcia Calista Sawyer,MCS0242,18,41,16,17,23
Avram Elijah Gill,AEG0962,32,36,24,26,35
Callie Sade Webb,CSW2010,33,19,19,34,22
Astra Flavia Flowers,AFF1343,26,48,20,18,14
Wanda Vivien Salas,WVS2346,40,20,30,25,30
Prescott Jasper Collins,PJC0370,41,39,26,50,31
Tatiana Alyssa Livingston,TAL1665,40,28,44,30,22
Jada Bree Bates,JBB1875,38,28,37,30,23
Sigourney Selma Shepard,SSS1057,16,19,25,50,29
Jesse Cameron Mcintyre,JCM3053,36,36,20,39,31
Ross Raphael Schwartz,RRS0056,30,44,15,17,38
Judith Stephanie Bowman,JSB2942,10,19,20,22,28
Roary Deborah Cooley,RDC0378,36,25,24,20,27
Solomon Dale Zamora,SDZ2447,40,39,22,22,36
Moana Germane Snyder,MGS1031,17,20,33,38,29
Chester Colt Dunlap,CCD3168,40,18,41,14,38
Clare Heather Wilcox,CHW0919,42,13,18,37,35
Mari Kaitlin Slater,MKS0626,28,25,41,22,29
Garrett Omar Kelly,GOK0238,33,43,27,40,33
Elvis Ulric Vargas,EUV1842,41,43,26,16,31
Wing Benjamin Ayers,WBA1786,41,23,44,18,27
Marvin Cairo Rush,MCR3977,43,42,42,47,29
Tara Fallon Hoover,TFH0544,25,15,40,28,15
Henry Chandler Leblanc,HCL1790,37,39,50,10,32
Blake Guy Ramos,BGR1991,46,35,40,43,34
Libby Vielka Farrell,LVF1626,39,20,34,35,22
Ivana Cameran Howe,ICH1478,30,49,21,38,39
Alan Flynn Pope,AFP1341,21,35,13,16,23
Regina Orla Anderson,ROA0482,38,21,32,33,27
Willow Iliana Quinn,WIQ0567,25,41,10,47,39
Kalia Darrel Butler,KDB1036,30,47,39,39,37
Sage Ariel Slater,SAS1098,15,20,19,33,28
Lee Omar Fleming,LOF3279,41,46,42,36,33
Akeem Timothy Manning,ATM1003,43,40,16,25,29
Wesley Nissim Chapman,WNC0858,43,49,36,26,26
Summer Melissa Kent,SMK1323,22,30,23,24,30
Perry Ezekiel Tucker,PET1555,23,33,19,17,26
Philip Nathan Logan,PNL0301,50,43,30,43,31
Amery Robert Ayers,ARA1104,35,50,16,24,21
Isabella Keely Cross,IKC3638,46,42,39,41,17
Adrian Kieran Kent,AKK0032,50,37,25,19,34
Burton Elton Buckner,BEB0261,45,37,19,13,28
Kato Seth Sandoval,KSS3726,40,36,20,21,28
Chester Lucas Crosby,CLC1272,41,41,32,41,32
Julian Vaughan Hernandez,JVH1575,30,20,43,11,25
Nicolas Gage Gilliam,NGG1634,41,37,17,35,34
Madison Yvonne Rosales,MYR2138,27,40,17,20,35
Clarke Reuben Powers,CRP3682,38,18,31,10,36
Imogene Charde Hicks,ICH2378,47,14,20,26,34
Marsden Caleb Barrera,MCB2802,41,38,19,17,35
Grant Harlan Armstrong,GHA0975,49,39,38,40,37
Colt Malcolm Shepherd,CMS2897,47,44,44,21,27
Lynn Ulla Kirkland,LUK1182,17,17,39,16,24
Zelda Genevieve Salinas,ZGS2264,31,44,36,40,42
Ivor James Morin,IJM1276,23,45,29,21,28
Summer Leilani Boyer,SLB0049,14,27,16,22,20
Salvador Noah Mason,SNM2965,43,36,50,36,26
Jamalia Tamara Joyner,JTJ3700,21,44,48,18,28
Elaine Leilani Conley,ELC1833,12,16,39,20,28
Raja Len Vang,RLV1720,41,32,44,21,38
Marcia Hiroko Hoffman,MHH2192,20,28,43,21,24
Xena Ayanna Robbins,XAR1011,47,43,17,36,32
Cain Grady Alston,CGA3273,33,33,24,41,19
Anne Jane Carey,AJC0840,14,24,19,33,37
Myra Chantale Witt,MCW3493,25,24,21,15,25
Neve Jana Sosa,NJS1190,45,20,43,35,32
Anthony Timothy Cline,ATC0218,41,43,17,40,37
Shea Chastity Waller,SCW1456,22,40,30,22,30
Armand Bradley Garcia,ABG2353,40,39,38,37,35
August Keegan Blair,AKB3686,33,33,15,23,24
Indira Jocelyn Mack,IJM0776,41,35,19,41,32
Kermit Joshua Schultz,KJS1956,41,40,36,18,32
Beatrice Brenna Conner,BBC3733,16,17,23,15,36
Jerry Cody Hess,JCH2505,36,47,12,20,25
Tucker Elton Mcintyre,TEM1120,41,41,23,31,29
Cassady Adele Rasmussen,CAR2900,22,30,36,29,26
Justin Eagan Hahn,JEH1220,44,42,17,44,29
Kirk Nathaniel Mccarthy,KNM0215,44,41,22,34,36
Elton Cade Washington,ECW0160,42,39,50,19,34
Tana Kendall Newton,TKN0812,14,45,22,30,29
Shea Hanna Clements,SHC1585,48,20,36,25,27
Savannah Leslie Clarke,SLC1588,50,15,41,21,27
Axel Donovan Compton,ADC0391,50,43,40,33,38
Leila Remedios Sherman,LRS1168,18,38,19,40,29
Justine Naomi Riddle,JNR2579,35,24,23,37,26
Benjamin Sylvester Brown,BSB3083,39,43,26,21,31
Orlando William Montoya,OWM3073,33,41,43,34,37
Isaac Oscar Wilcox,IOW2134,47,16,40,12,32
Fritz Yasir Vargas,FYV2724,14,39,40,42,38
Kiayada Ursula Small,KUS2137,46,16,31,20,22
Kyle Salvador Odom,KSO2224,37,39,27,20,34
Honorato Ivan Wall,HIW0536,39,50,25,24,20
Blair Alea Armstrong,BAA2451,24,30,17,27,27
Tanya Dana Rogers,TDR0111,22,16,24,40,32
Brian Dane Aguilar,BDA1906,38,30,34,14,35
Ori Katelyn Richardson,OKR3643,21,22,15,38,33
Steven Solomon Franco,SSF3805,38,44,45,13,22
Skyler Rhona Rasmussen,SRR1891,34,16,46,47,29
Cherokee Mara Bowen,CMB3499,43,42,37,15,32
Ryder Austin Head,RAH1514,31,36,20,19,35
Morgan Chiquita Sampson,MCS1628,22,21,24,33,27
Yvette Teagan Ruiz,YTR2458,40,14,14,46,23
Nicholas Phelan Cochran,NPC1539,39,39,39,18,41
Deanna Lucy Merritt,DLM1016,44,28,18,20,33
Felicia Jacqueline Pate,FJP1692,38,23,36,30,17
Delilah Pearl Schneider,DPS0262,20,25,20,14,32
Alyssa Ria Kennedy,ARK3198,14,36,23,21,31
Acton Kelly Battle,AKB0882,31,38,38,34,27
Brady Vincent Cabrera,BVC0009,39,44,20,16,24
Jenna Cailin Shepherd,JCS1171,19,34,28,43,33
Chantale Sage Savage,CSS1313,29,20,41,21,34
Penelope Amaya Mcneil,PAM0505,39,30,38,12,34
Nichole Skyler Baker,NSB0117,25,44,13,13,35
Mannix Lee Mercado,MLM2542,45,46,10,39,24
Cassandra Lynn Terry,CLT1644,19,50,22,38,25
Lilah Nichole Davis,LND2704,13,12,40,37,33
Arthur Perry Combs,APC3043,30,42,50,42,33
Ruth Kaye Gross,RKG3389,24,18,30,14,32
Abra Minerva Mccoy,AMM1285,23,38,44,17,28
Hu Judah Gregory,HJG2157,18,50,37,21,34
Christine Jael Wade,CJW0579,17,16,42,15,33
Alea Xandra Walls,AXW3243,19,49,14,23,26
Keefe Bernard Klein,KBK1189,49,31,46,44,36
Pamela Gail Forbes,PGF3491,44,17,38,20,31
Nita Ingrid Mays,NIM2372,21,37,15,19,34
Aubrey Dora Curtis,ADC1469,37,15,44,35,32
Basia Gloria Maynard,BGM1226,20,23,42,22,30
Celeste Venus Sloan,CVS2922,42,13,36,40,38
Jeanette Heather Mckee,JHM1805,15,38,14,20,31
Fatima Dakota Santana,FDS1841,41,30,34,36,30
Quentin Ciaran Dickerson,QCD0386,36,32,34,17,38
Walker Ezra Cooper,WEC0304,49,42,45,18,24
Charles Cullen Ruiz,CCR1396,43,42,42,32,28
Baxter Nicholas Fowler,BNF1110,41,36,42,17,31
Ina Regan Donaldson,IRD1815,41,21,42,10,24
Chelsea Irma Blanchard,CIB1224,29,35,20,50,33
Gay Ria Cantu,GRC0145,30,43,24,46,27
Nathaniel Timon Galloway,NTG1667,46,40,36,18,31
Cameran Iliana Johns,CIJ3941,49,15,50,43,31
Dakota Hayley Snider,DHS2419,37,17,38,37,40
Leroy Elliott Lancaster,LEL1667,18,13,36,18,34
Carissa Kaye Parsons,CKP0630,36,26,43,50,36
Simon Aubrey Reilly,SAR1883,47,34,22,46,32
Sylvia Joan Prince,SJP1023,10,40,25,17,29
Venus Karleigh Thornton,VKT2228,43,16,31,35,30
Zeus Jordan Thomas,ZJT1601,10,50,38,10,35
Octavia Eleanor Duffy,OED3393,39,26,34,46,32
Garth Ray Acosta,GRA0329,22,15,24,15,27
Wesley Kasper Duffy,WKD0013,42,36,40,27,34
Marny Kelsey Terrell,MKT1225,18,39,24,37,39
Sylvester Wylie Mccarty,SWM0188,41,33,40,18,23
Cadman Harrison Baird,CHB1109,36,42,20,39,33
Risa Florence Pittman,RFP1918,39,40,20,40,30
Hillary Renee Ellison,HRE0297,40,26,42,22,39
Paki Tad Grant,PTG0587,47,35,40,39,24
Piper Sasha Fuentes,PSF0133,42,40,11,36,33
Tatyana Brianna Conley,TBC2256,35,19,50,50,28
Tanner Griffith Holden,TGH3351,36,42,17,30,28
Barbara Kiayada Shaw,BKS2069,33,35,21,42,26
Hadassah Delilah Mitchell,HDM1040,37,43,17,48,30
Emily Sydney Haley,ESH1283,26,29,17,10,27
Melvin William Gentry,MWG1570,45,44,20,44,31
Mikayla Charissa Humphrey,MCH3354,20,23,15,47,34
Dorothy Nichole Kemp,DNK3821,21,36,21,15,31
Kimberley Azalia Dale,KAD1185,20,22,22,19,33
Georgia Deanna Reed,GDR0185,24,40,15,18,30
Camille Inez Duffy,CID3774,38,22,17,40,30
Troy Hayes Massey,THM1021,20,42,34,23,29
Halee Sopoline Norris,HSN0675,43,15,11,19,38
Hammett Hiram Foreman,HHF1381,50,38,13,43,33
Elton Stephen Brady,ESB2629,49,35,11,22,27
Thomas Dane Baxter,TDB1920,33,30,39,17,22
Lewis Amal Frazier,LAF2213,35,24,48,18,34
Lani Leah Houston,LLH1332,38,12,24,23,28
Myra Jaime Hogan,MJH2369,18,22,25,39,27
Blair Hayfa Benson,BHB0018,16,33,20,16,34
Kirestin Vanna Sykes,KVS0425,20,19,21,30,35
Chester James Oneal,CJO3779,34,44,18,39,36
Harper Basil Obrien,HBO0413,41,35,18,15,18
Darrel Orli Lowe,DOL0377,45,47,42,50,25
Jonah Hammett Hickman,JHH3462,35,30,39,26,35
Malachi Thor Butler,MTB0620,38,44,41,50,28
Mari Teegan Maldonado,MTM1434,13,16,38,17,29
Grant Zeph Meadows,GZM3990,35,41,44,17,28
Lara Florence Reeves,LFR2971,13,13,41,28,31
Marvin Edan Bryan,MEB1964,24,25,43,28,27
Jonathan Abbot Justice,JAJ3208,38,41,25,44,26
Clayton Palmer Blake,CPB0110,31,48,24,41,23
Cain William Hubbard,CWH3033,40,37,17,42,29
Meghan Myra Raymond,MMR1435,47,15,26,13,23
Aurora Katell Rhodes,AKR0057,50,41,20,18,30
Uta Echo Herrera,UEH1184,15,17,44,44,39
Hannah Mollie Callahan,HMC1847,48,16,25,46,24
Caldwell Baxter Calderon,CBC3175,45,45,44,22,35
Rashad Joseph Lott,RJL0609,41,50,36,40,25
Devin Carson Wilkins,DCW0512,38,37,10,26,28
Guinevere Lisandra Chang,GLC1055,15,48,40,17,29
Basia Nevada Riggs,BNR0965,47,19,15,20,22
Quin Wynne Peck,QWP1513,36,23,20,40,32
Shellie Elizabeth Levine,SEL1062,43,22,30,35,24
Bianca Ocean Cohen,BOC2484,44,43,20,42,33
Levi Jason Wheeler,LJW1505,38,20,39,26,26
Teegan Olivia Lindsay,TOL1914,40,17,24,41,35
Vladimir Tyrone Lowery,VTL0314,47,41,36,27,25
William Eaton Chandler,WEC2219,42,44,25,45,30
Desiree Cathleen Boyer,DCB2546,18,40,34,21,37
Vivian Tasha Nash,VTN3109,21,42,39,41,21
Aquila Tanner Ellison,ATE0869,13,15,40,44,33
Michelle Althea Page,MAP0424,21,17,44,19,38
Holmes Colorado Howell,HCH3338,41,26,22,27,28
Lani Melodie Hewitt,LMH1987,22,21,36,10,26
Marah Charissa Ross,MCR3885,17,15,47,18,30
Whilemina Irma Bradley,WIB3670,36,14,17,35,26
Caleb Kendall Hanson,CKH1151,35,36,41,25,36
Gil Howard Doyle,GHD0072,37,32,21,34,26
Benjamin Wylie Kane,BWK0172,18,38,21,35,27
Kalia Chava Mendez,KCM1893,24,41,26,35,22
Kevin Steel Goodman,KSG1578,30,39,40,21,31
Quentin Raphael Newman,QRN2876,10,19,45,16,31
Ann Fiona Wilder,AFW2487,26,44,10,34,30
Kareem Drake Mercado,KDM2836,46,43,27,18,33
Fatima Penelope Moreno,FPM2074,42,42,19,41,31
Michelle Darryl Mosley,MDM2531,30,14,13,25,34
Georgia Cassidy Dean,GCD0863,27,19,21,40,31
Upton Amir Bright,UAB0354,45,23,23,22,16
Octavius Maxwell Wilkins,OMW1036,33,40,21,22,22
Illiana Latifah Crane,ILC3708,42,25,28,17,33
Quon Sopoline Lewis,QSL1867,39,23,44,45,33
Rafael Octavius Hess,ROH1347,39,37,17,41,27
Sean Orson Hanson,SOH3595,22,30,46,35,32
Benjamin Taylor Bates,BTB0489,35,50,38,27,26
Hanae Moana Velazquez,HMV3017,43,16,13,18,26
Mariko Olga Snyder,MOS0047,49,39,24,34,23
Sylvester Xavier Fisher,SXF1229,41,30,26,12,34
Kermit Coby Oliver,KCO0122,30,32,26,38,33
Allegra Bree Coffey,ABC0174,15,41,34,13,32
Elizabeth Aileen Mcclain,EAM3642,21,45,19,18,25
Henry Benedict Mcleod,HBM0676,44,30,11,18,19
Justine Paula Mccullough,JPM0035,25,15,20,16,34
Kermit Lyle Mckay,KLM1508,22,11,30,10,30
Keiko Pandora Oneill,KPO3619,26,17,24,19,30
Akeem Jerry Lopez,AJL0462,16,24,44,31,28
Aladdin Merritt Garner,AMG1628,47,41,27,20,32
Darrel Naida Walton,DNW0899,43,10,15,42,30
Elliott Berk Jordan,EBJ1378,22,14,36,42,29
Herrod Damon Harvey,HDH0996,39,45,46,15,34
Branden Chadwick Lancaster,BCL2082,38,22,31,16,36
Baker Jordan Blair,BJB2263,38,41,19,32,28
Malachi Nicolas Ward,MNW1733,38,27,45,16,37
Mara Azalia William,MAW0532,41,21,26,23,32
Coby Samuel Bell,CSB1660,35,42,38,23,29
Ainsley Yuri Lopez,AYL3816,34,11,15,37,33
Salvador Dominic Hayes,SDH1854,47,39,39,21,24
Ina Tallulah Ayers,ITA0159,31,27,24,23,33
Paki Ross Howard,PRH2431,35,24,41,27,28
Leslie Gwendolyn Jacobs,LGJ2710,14,17,24,16,28
Ulric Kirk Guthrie,UKG0386,46,34,42,44,21
Lesley Kylee Butler,LKB0734,35,40,18,38,32
Joan Sylvia Leach,JSL3078,41,26,16,27,37
Nichole Hilda Wilder,NHW2515,39,23,43,42,30
Bradley Tyrone Nieves,BTN0147,33,42,43,42,36
Fitzgerald Wayne Miranda,FWM0707,50,36,35,18,34
Donna Jena Aguirre,DJA0192,30,16,26,21,25
Alyssa Nelle Hester,ANH3059,30,10,39,16,31
Lacota Helen Nash,LHN0151,13,15,19,32,26
Whitney Martha Carter,WMC3764,46,16,40,43,32
Bethany Evangeline Cherry,BEC3023,22,20,30,21,29
Dana Kitra Jennings,DKJ2624,38,30,16,41,24
Kylie Kalia Pena,KKP0064,18,22,39,21,27
Sydney Keelie Carney,SKC1651,42,44,18,36,34
Lewis Noah Carney,LNC0729,37,45,18,33,35
Melissa Quintessa Short,MQS0196,17,21,12,15,28
Shelby Whitney George,SWG2200,10,36,31,28,34
Grace Emily Shields,GES2626,35,13,23,20,38
Raphael Aristotle Ray,RAR0725,32,32,25,20,35
Jamal Emerson Nelson,JEN3105,23,18,32,15,25
Neville James Jones,NJJ0434,19,16,14,45,34
Nicole Tanya Burt,NTB0710,46,37,32,22,21
Caldwell Hoyt Abbott,CHA3190,44,41,20,37,21
Eagan Zephania Hubbard,EZH1664,46,38,20,34,27
Kieran Reece Castro,KRC0441,30,38,30,24,24
Stone Yuli Raymond,SYR2611,44,47,36,45,35
Ora Stacey Gibson,OSG3540,31,29,17,45,34
Kelsey Autumn Curry,KAC2449,12,12,10,25,31
Quintessa Shana Vance,QSV0778,17,23,36,35,33
Sebastian Bert Tanner,SBT2281,42,20,44,23,28
Rosalyn Indigo Kelly,RIK0629,30,44,33,42,32
Hasad Noble Gentry,HNG1909,48,44,32,18,32
Hector Nathan Vargas,HNV3655,40,16,32,19,33
Colorado Denton King,CDK3224,39,39,31,13,34
Ian Ira Whitehead,IIW0399,39,21,38,21,22
Lucian Fritz Villarreal,LFV1268,39,46,16,23,38
Jaden Amethyst Browning,JAB3656,30,20,19,37,33
Chadwick Acton Holland,CAH3411,31,33,44,35,25
Nicolas Travis Padilla,NTP2146,39,43,47,36,27
Ivor Kenneth Rollins,IKR0401,40,42,24,16,29
Jonah Blaine Russell,JBR1940,40,41,17,45,30
Alfonso Allen Hammond,AAH0792,40,17,12,14,31
Barry Armand Mathews,BAM2758,42,43,21,30,31
Colton Abraham Montgomery,CAM0679,41,40,16,43,39
Fuller Garrison Cook,FGC0114,24,10,39,31,27
Gail Orla Graves,GOG3939,38,17,48,42,27
Nicolas Elvis Ratliff,NER1278,35,44,41,41,30
Rosalyn Scarlet Velasquez,RSV2438,40,19,22,42,34
Jonathan Nolan Christian,JNC2650,24,46,50,17,30
Mira Elizabeth Wooten,MEW0485,42,35,43,33,23
Colorado Buckminster Raymond,CBR3713,39,38,22,46,32
Barry Noble Russell,BNR2527,44,40,35,47,31
Lev Myles Harrington,LMH3831,48,21,41,25,28
Nicole Jemima Peters,NJP0665,40,23,25,21,33
Marny Tanya Buckley,MTB2982,43,37,24,48,33
Garrett Derek Pennington,GDP1856,37,44,34,26,31
Stone Amir Luna,SAL2493,27,12,47,25,36
Theodore Benjamin Fowler,TBF1107,31,42,21,18,33
Guinevere Shafira Dillard,GSD1862,33,16,15,25,29
Hyacinth Ava Wilkins,HAW2178,38,18,17,15,36
Azalia Casey Castillo,ACC0950,40,21,16,24,31
Rhiannon Uta Buckley,RUB1156,37,17,43,37,30
Lucy Lareina Ratliff,LLR3772,43,27,37,19,29
Baxter Stuart Skinner,BSS3077,43,39,27,21,30
Madaline Liberty Prince,MLP3859,16,15,41,27,28
Brandon Gil Huber,BGH3819,38,41,17,21,34
Kiayada Melodie Madden,KMM1400,31,35,28,34,27
Price Robert Gordon,PRG0074,32,28,35,20,32
Griffin Chandler Stanley,GCS0351,41,35,39,36,36
Joy Echo Workman,JEW3064,31,44,16,27,33
Rylee Shea Meadows,RSM1089,36,40,25,40,34
Dai Ashely Hatfield,DAH2506,43,22,14,17,26
Adrian Brett Lewis,ABL1229,40,33,37,37,29
Tara Uma Shelton,TUS1201,41,11,22,44,33
Benjamin Lane Michael,BLM1396,33,32,24,22,36
Hoyt Nicholas Cole,HNC0074,32,42,21,21,30
Francis Mannix Pena,FMP0459,41,42,35,38,23
Cole Hayden Holland,CHH2278,34,35,18,28,16
Deacon Mark Lawrence,DML0822,30,40,36,20,28
Eleanor Uma Hensley,EUH0257,47,44,20,45,25
Nina Camille Hodges,NCH0179,17,12,40,17,25
Leilani Yen Sandoval,LYS3814,11,38,26,40,38
Colton Richard Bean,CRB0648,41,32,40,34,25
Noel Germane Curtis,NGC3617,35,23,12,40,34
Blaine Rae Greer,BRG3113,45,30,41,40,36
Dante Barry Hess,DBH0612,45,41,20,44,22
Eden Bryar Atkinson,EBA0758,40,41,32,43,30
Mary Camilla Stephens,MCS1078,34,42,23,42,33
Forrest Isaac Howard,FIH2211,45,21,47,15,27
Brendan Joshua Atkinson,BJA0370,36,36,19,47,33
Nehru Wyatt Tate,NWT0098,35,39,26,36,33
Zelda Jael Hammond,ZJH3375,34,39,18,35,30
Melvin Brody Garza,MBG0438,38,17,37,16,29
Unity Geraldine Fuentes,UGF1809,18,23,22,31,22
August Armando Evans,AAE0190,36,30,14,50,29
Kareem Jared Luna,KJL3266,33,32,20,20,25
Ariel Lacota Harris,ALH1494,39,30,15,38,37
Mechelle Nicole Miles,MNM1948,19,24,19,25,25
Danielle Chiquita Campbell,DCC0227,21,12,41,35,29
Britanni Iliana Mcclure,BIM0885,41,24,19,27,21
Chastity Hyacinth Key,CHK3085,14,19,24,19,33
Dalton Phillip Nicholson,DPN1990,45,43,11,38,28
Sacha Brielle Stanton,SBS0885,44,44,25,36,25
Liberty Laura Buchanan,LLB0437,23,34,39,13,35
Germane Casey Mcmahon,GCM0813,37,17,18,15,25
Medge Kirby Mooney,MKM0647,12,20,37,15,19
Evelyn Lael Rollins,ELR1140,16,40,44,26,36
Raya Regan Church,RRC0553,40,14,24,38,29
Paki Kermit Fox,PKF1346,34,41,41,43,34
Portia Aphrodite Greene,PAG3032,40,14,42,25,31
Penelope Lysandra Hayes,PLH0715,42,37,19,37,29
Kiayada McKenzie Santiago,KMS2465,15,39,26,39,30
Ronan Ferdinand Simmons,RFS1633,32,37,17,21,30
Timon Preston Lloyd,TPL2421,38,38,36,37,24
Daryl Joy Brennan,DJB1711,23,34,25,38,32
Giselle Noelle Garrison,GNG2912,15,19,44,18,33
Sybil Calista Best,SCB2233,16,18,18,18,30
Hiroko Mercedes Conley,HMC1677,40,40,45,44,31
Madeson Brenda Whitfield,MBW2337,23,43,50,11,25
Indira Yolanda Rivas,IYR1331,39,24,35,22,31
Benjamin Damian Lane,BDL1065,35,43,16,26,33
Cathleen Karina Rodriquez,CKR3710,17,24,39,30,29
Yen Abra Huff,YAH2262,19,14,23,34,31
Cynthia Phyllis Davenport,CPD0474,37,43,16,36,26
Casey Nathaniel Decker,CND3037,43,39,44,23,35
Christen Melissa Mcguire,CMM1913,41,30,44,22,23
Galena Ella Bell,GEB3975,13,20,20,45,32
Kyle Gareth Dudley,KGD2603,36,47,16,23,37
Sandra Halla Mccall,SHM2573,22,43,41,17,23
Linda Elizabeth Marquez,LEM1739,39,18,12,17,32
Brooke Breanna Holder,BBH2340,43,38,20,17,37
Aileen Aphrodite Zimmerman,AAZ2121,39,18,17,35,35
Kamal John Horne,KJH0872,39,36,21,41,26
Lacey Halee Carpenter,LHC3406,50,36,21,33,30
Chaney Rahim Lynn,CRL3842,39,45,14,40,34
Evan Yardley Schneider,EYS1451,37,34,14,20,25
Duncan Ali England,DAE1437,36,30,25,40,33
Oprah Samantha Snow,OSS1463,34,21,39,32,26
Zenaida Bertha Stein,ZBS2831,28,43,44,18,34
Sebastian Lamar Dunlap,SLD1639,42,32,42,44,22
Jemima Iris Lindsey,JIL1675,20,21,28,18,19
Nathaniel Moses Thornton,NMT1659,33,41,19,15,26
Camilla Camille Leach,CCL0068,13,16,23,19,23
Holmes Charles Stanton,HCS2431,32,42,41,25,28
Kennan Ignatius Burton,KIB0089,18,36,11,21,21
Kessie Isabelle Cortez,KIC3158,18,17,42,22,31
Chandler Evan Galloway,CEG1535,34,41,39,15,32
Kelly Nichole Madden,KNM1154,29,41,21,48,30
Dolan Maxwell Boyd,DMB1429,21,42,13,13,25
Rachel Hermione Le,RHL0992,36,10,39,37,36
Eleanor Martina Holland,EMH2311,12,24,15,16,20
Stone Wyatt Blackburn,SWB1809,37,35,26,21,26
Colette Quincy Clarke,CQC2753,22,23,15,19,36
Mia Priscilla Spencer,MPS2849,23,46,44,43,32
Mikayla Madeline Emerson,MME3399,48,12,33,27,43
Hashim Valentine Kemp,HVK3922,36,33,32,21,33
Isaiah Cody Baker,ICB1354,39,31,12,43,30
Kylan Frances Powell,KFP0490,11,13,23,38,36
Dylan Blaze Logan,DBL2605,41,32,18,28,28
Carol Hadley Merrill,CHM0772,15,17,15,17,28
Michelle Marcia Steele,MMS3679,42,20,23,33,33
Honorato John Sloan,HJS0072,44,42,19,19,31
Hedley Timothy Rowland,HTR0239,37,42,33,20,28
Whoopi Aspen Mccarty,WAM0069,43,44,23,42,18
Kamal Callum Morton,KCM3235,39,44,26,42,36
Abra Willow Warren,AWW1749,36,20,23,16,28
Claudia Winter Sellers,CWS0228,24,13,30,21,17
Stephanie Isabelle Welch,SIW2528,50,24,25,38,29
Kuame Tyler Compton,KTC0474,23,37,44,10,41
Declan Elvis Burnett,DEB0727,43,41,35,18,20
Lane Vaughan Hamilton,LVH1790,38,36,32,33,46
Maile Nichole Richards,MNR1903,24,37,24,41,30
Tamekah Keiko Stephenson,TKS3035,20,14,33,36,36
James Ira Potter,JIP1503,37,35,10,35,23
Tanisha Shay Fitzpatrick,TSF1682,39,47,13,40,27
Cain Quinn Ayala,CQA3849,43,38,13,42,26
Albert Kasper Prince,AKP2492,40,46,46,43,31
Iliana Jade Mclaughlin,IJM0603,34,16,18,21,32
Eugenia Mollie Carpenter,EMC2757,33,23,40,34,30
Cathleen Risa Oneal,CRO0027,19,30,28,46,26
Jonathan Devin Snow,JDS0516,41,46,39,19,34
Sacha Leah Rhodes,SLR2696,46,21,18,31,32
Phillip Russell Whitney,PRW1467,10,27,32,20,25
Grady Hashim Adkins,GHA2506,35,47,18,22,22
Colby Solomon Mcfadden,CSM1554,42,39,11,40,26
Britanni Stacey Lowery,BSL1127,33,41,17,46,32
Ignatius Yuli Henry,IYH1611,19,24,45,23,33
Emerald Lysandra Hodges,ELH0960,40,43,26,41,22
Rajah Lester Sargent,RLS0761,40,43,37,37,21
Ahmed Jack Knowles,AJK0611,40,48,32,28,31
Coby Patrick Lara,CPL1874,37,41,21,15,32
Martina Cassandra Fields,MCF0327,39,41,24,44,25
Carol Sheila Mcpherson,CSM3502,19,26,39,39,30
Leigh Colette Britt,LCB2475,35,16,19,30,21
Noah Cairo Austin,NCA3027,36,34,45,17,34
Cora Sasha Mccray,CSM1212,22,24,22,48,31
Daquan Drake Rivers,DDR0907,33,48,30,44,32
Lucas Bernard Griffith,LBG3911,39,15,46,20,37
Robert Bert Bird,RBB2217,42,34,44,44,31
Brady Kenyon Fuller,BKF0427,39,43,17,19,32
Odessa Darryl Curry,ODC0002,33,13,35,32,28
Herman Ian Abbott,HIA0414,38,39,39,18,31
Mariko Ivana Mckee,MIM0712,16,15,39,23,22
John Evan Lamb,JEL0084,36,37,37,11,24
Vance Talon Duncan,VTD1184,37,39,19,39,32
Colette Isabelle Frye,CIF1430,14,37,41,24,35
Germaine Melinda Arnold,GMA1698,17,21,42,39,33
Reagan Cecilia Hawkins,RCH2447,38,17,15,42,28
Hope Lacey Cotton,HLC0943,25,35,16,20,27
Morgan Deborah Hoover,MDH0580,41,37,18,40,31
Tatum Anastasia Fletcher,TAF0640,14,27,31,48,28
Ila Kameko Galloway,IKG3154,16,31,22,42,28
Noel Whilemina Orr,NWO3501,21,15,26,37,21
Nerea Mari Hester,NMH0312,35,38,12,34,33
Thaddeus Jelani Garner,TJG0170,38,41,17,30,29
Angela Teegan Torres,ATT1191,40,42,35,45,31
Naomi Martha Vincent,NMV0716,22,48,19,18,30
Tanner Kadeem Jarvis,TKJ3869,36,41,25,38,30
Raya Serina Peck,RSP2106,22,19,47,40,24
Megan Xena Garza,MXG0821,43,34,17,34,30
Regina Sheila Boyer,RSB1054,26,40,41,24,30
Kuame Aristotle Horton,KAH2460,26,24,40,16,29
Tad Jonathan Howell,TJH1362,48,48,36,19,30
Chester Thor Holt,CTH1005,39,45,44,10,29
Hannah Azalia Ellison,HAE0105,44,20,46,36,32
Nicole Dorothy Bruce,NDB0517,16,19,47,15,34
Stephen Daquan Estes,SDE2662,10,45,49,37,29
Anika Nita Cortez,ANC1950,38,16,31,17,26
Fallon Harriet Shelton,FHS0837,23,37,14,42,34
Jane Maia Golden,JMG3704,37,32,11,38,31
Mariko TaShya Cummings,MTC2073,46,24,21,39,31
Thomas Wade Ayers,TWA3552,18,22,26,34,29
Aaron Barrett Hayes,ABH1829,39,46,40,36,28
Marsden Hammett Armstrong,MHA0667,38,40,30,36,30
Blake Benjamin Hall,BBH3779,34,36,12,12,38
Rebecca Jescie Lowery,RJL0078,17,18,23,43,30
Edward Nero Sexton,ENS1748,33,32,35,23,22
Guy Tad Daniel,GTD0898,23,23,39,15,29
Bethany Rosalyn Slater,BRS1429,47,19,45,25,27
Vanna Phyllis Solomon,VPS3185,39,21,12,17,29
David Reed Hatfield,DRH1214,35,39,40,40,25
Aileen Jenette Bryant,AJB1839,42,23,18,22,27
Wayne Aristotle Ware,WAW0135,47,39,42,26,28
Kevin Scott Howard,KSH1345,41,19,47,17,33
Cathleen Leah Gates,CLG0516,22,33,18,25,37
Ora Illiana Petersen,OIP1053,20,21,18,21,30
Ebony Zelda Petersen,EZP3568,24,15,38,27,31
Jared Boris Long,JBL1657,36,40,34,19,35
Madeline Audrey Summers,MAS2793,14,39,33,18,21
Benjamin Aquila Gibbs,BAG2400,36,35,44,36,18
Cynthia Maite Roth,CMR1470,42,22,31,42,29
Lunea Kaden Chaney,LKC1944,35,26,47,31,34
Hollee Vanna Becker,HVB0037,17,42,41,44,26
Hayes Gil Fisher,HGF3466,43,36,37,20,28
Eric Price Ingram,EPI3052,46,44,41,12,27
Savannah Roary Mason,SRM1112,31,27,15,36,32
Alfonso Octavius Hatfield,AOH0883,36,38,43,41,26
Kimberly Lael Allen,KLA0386,18,44,22,33,31
Danielle Winifred Bernard,DWB3415,42,38,12,16,31
Iona Mechelle Leach,IML0430,40,30,12,33,24
Mari Rina Wells,MRW2504,41,16,20,20,18
Emily Audrey Peterson,EAP0312,34,19,24,15,28
Calvin Jarrod Hood,CJH0702,46,24,30,25,37
Aidan Neil Lynn,ANL3024,39,41,15,33,35
Kiona Maia Castaneda,KMC2028,19,16,20,32,27
Robert Jesse Nieves,RJN2623,44,37,35,23,33
Chandler Martin Page,CMP2946,36,46,15,37,30
Hector Quamar Fulton,HQF1912,40,39,15,48,31
Cade Todd Cummings,CTC1374,48,43,17,14,27
Dalton Harper Farley,DHF1137,43,39,38,13,27
Phoebe Erin Mcdowell,PEM0277,44,15,41,38,35
Rhea Madison Palmer,RMP2065,14,17,17,30,31
Christian Jacob Sweeney,CJS1507,35,39,17,45,30
Halla Meghan Nielsen,HMN3681,26,38,50,16,25
Quemby Eugenia Lindsay,QEL1515,28,24,33,18,33
Cole Giacomo Burnett,CGB2215,39,36,37,22,27
Ocean Maite Summers,OMS0101,20,12,21,22,29
Forrest Rashad Richards,FRR0832,43,40,25,19,30
Hilel Aladdin Rodriquez,HAR3571,43,34,39,39,31
Logan Noah Downs,LND1399,30,42,30,18,34
Haley Emily Tucker,HET0359,28,21,22,48,23
Dahlia Camilla Burns,DCB1000,33,24,22,39,24
Garrison Austin Cain,GAC2529,41,45,34,27,24
Lane Thomas Campos,LTC0050,37,19,47,22,28
Kay Lacey Wells,KLW1789,41,15,30,30,26
Lisandra Amy Rosa,LAR1126,23,30,39,39,33
Casey Edward Joyce,CEJ0109,21,46,17,17,32
Libby MacKensie Juarez,LMJ1783,37,22,24,20,33
Cathleen Harriet Nelson,CHN0282,18,17,30,25,24
Julie Jolie Avery,JJA1399,23,18,45,18,25
Evelyn Sarah Reilly,ESR0693,35,23,25,21,31
Hedda Melissa Slater,HMS1658,36,26,37,13,30
Kelly Dieter Solis,KDS1973,34,46,47,22,37
Beck Wallace Johnson,BWJ0136,49,37,21,20,30
Branden Ryan Carroll,BRC2091,36,45,20,34,30
Xerxes Katell David,XKD3671,33,19,19,16,40
Nicole Nomlanga Mosley,NNM2862,38,23,46,10,29
Kimberly Madeline Oliver,KMO3851,21,30,22,21,26
Zachary Wesley Stuart,ZWS0755,45,47,42,39,28
Brock William Hunter,BWH0813,36,36,33,20,30
Nichole Galena Howell,NGH1256,21,18,42,35,32
Norman Akeem Harmon,NAH1366,46,45,19,13,29
Bert Nathaniel Hardy,BNH3516,37,19,49,25,18
Hakeem Dillon Whitney,HDW0743,37,35,35,21,24
Carter Harrison Maldonado,CHM0821,48,11,39,19,23
Mohammad Taylor Terrell,MTT0901,41,34,30,40,30
Sonya Unity Griffith,SUG0718,21,21,15,47,32
Jemima Lisandra Campos,JLC1301,34,21,14,40,36
Bryar Athena Stanton,BAS0763,47,39,21,39,24
Aileen Eliana Franklin,AEF1032,25,44,48,18,30
Axel Edward Boyer,AEB2873,33,37,36,22,36
Leila Blair Manning,LBM2209,24,21,43,33,28
Zephania Wesley Stout,ZWS3625,38,35,44,19,28
Jonah Dakota Bird,JDB0169,20,14,23,48,33
Talon Ivan Rutledge,TIR0025,38,38,19,30,28
Jonah Nehru Merritt,JNM2012,44,47,37,18,27
Basia Cecilia Bailey,BCB2082,19,34,19,16,32
Maryam Keiko Ayers,MKA3509,45,25,18,48,29
Chancellor Kasper Cortez,CKC3767,46,30,11,18,26
Penelope Jordan Castro,PJC0254,22,17,21,27,31
Geraldine Melanie Erickson,GME1351,50,41,30,24,27
Oscar Nolan Wooten,ONW0083,46,30,25,30,26
Jane Scarlett Mccall,JSM3334,46,33,15,44,32
Malcolm Erich Chapman,MEC0781,39,36,39,20,24
Dylan Jerry Sears,DJS2699,39,42,24,44,26
Mason Omar Dunlap,MOD0948,37,34,39,36,26
Ezekiel Dexter Franklin,EDF2361,40,37,24,30,33
Burke Thaddeus Vance,BTV0644,14,20,28,40,27
Sandra Ivy Benson,SIB3396,20,21,38,27,25
Leo Orlando Conrad,LOC1446,37,31,39,13,29
Yolanda Kessie Matthews,YKM3542,20,44,22,42,27
Raymond Jarrod Welch,RJW1440,43,38,26,20,28
Marny MacKenzie Sykes,MMS1194,19,17,19,23,35
Melissa Laura Cardenas,MLC3482,20,37,42,33,25
Meredith Cora Fletcher,MCF1052,17,37,35,41,24
Celeste Amethyst Bright,CAB1886,17,19,36,44,28
Karleigh Zephr Holder,KZH3417,40,21,15,27,22
Yoko McKenzie Burch,YMB2953,27,50,36,46,29
Marvin Elton Hicks,MEH2903,41,37,19,36,30
Britanni Karly Wise,BKW0480,10,20,15,10,30
Judith Lesley Christensen,JLC0558,13,44,13,30,42
Damon Beau Rollins,DBR1558,33,41,43,38,35
Taylor Quin Rodriguez,TQR3104,40,21,31,16,16
Norman Alvin Boyd,NAB2767,46,40,21,43,34
Blaine Merritt Cameron,BMC0650,37,44,13,38,38
Colin Barclay Keith,CBK1205,38,43,43,37,18
Nero Maxwell Osborne,NMO2556,36,15,42,21,20
Nora Teagan Buchanan,NTB1597,38,10,18,18,29
Preston Coby Sherman,PCS1747,36,19,20,17,26
Shannon Amela Vazquez,SAV3457,17,20,23,19,32
Doris Ima Estes,DIE1614,44,20,23,42,27
Jamalia Paloma Hooper,JPH1910,42,18,15,25,29
Kane Oliver Ellis,KOE0908,21,40,37,35,36
Ethan Jack Hampton,EJH2799,24,15,36,38,33
Macy Karleigh Winters,MKW0441,15,25,45,20,34
Michael Darius Perry,MDP0161,44,18,39,20,24
Serena Charissa Jones,SCJ0179,24,46,30,39,26
Adria Sandra Lott,ASL2541,26,39,16,17,20
Deanna Aline Molina,DAM2837,18,36,47,25,35
Jackson Timothy Sullivan,JTS0903,30,39,34,12,29
Kirestin Evangeline Cruz,KEC2465,40,14,10,34,34
Drew Rashad Keller,DRK3644,33,47,12,40,29
Blair Kylan Compton,BKC2698,47,22,39,15,33
Micah Hiram Shepherd,MHS0125,41,39,19,13,31
Benedict Christian Bauer,BCB2676,37,41,15,22,33
Sarah Natalie Knox,SNK1280,46,14,21,42,22
Hadley Desiree Poole,HDP1890,32,17,33,43,27
Gabriel Joseph Mercer,GJM1409,40,46,36,17,31
Tanner Wing Marsh,TWM0837,42,38,36,39,33
Jermaine Carlos Smith,JCS2391,21,42,16,20,28
Mari Mechelle Bender,MMB0383,31,10,43,41,26
Stacy Maia Moran,SMM2030,36,23,38,32,28
Elijah Gary Diaz,EGD0409,39,40,22,35,33
Hamish Edward Santana,HES0573,38,38,13,24,33
Brennan Plato Knox,BPK1731,44,22,47,17,30
Lucius Declan Bush,LDB1928,37,35,14,15,29
Doris Mona Michael,DMM0623,36,27,21,39,30
Berk Eaton Pittman,BEP2441,44,30,20,18,31
Leslie Cassandra Colon,LCC0819,32,14,11,15,27
Randall Orson Rosa,ROR3483,35,14,40,30,28
Sydnee Sara Neal,SSN1130,40,40,25,19,27
Paul James Cherry,PJC0005,40,43,35,18,24
Aurelia MacKensie Merritt,AMM3906,44,17,21,43,25
Aphrodite Eugenia Macias,AEM0113,41,21,32,34,33
Lysandra Martina Casey,LMC1678,14,40,16,42,33
Athena Amelia Foreman,AAF0535,17,21,36,33,31
Chloe Ina Marks,CIM3563,23,30,49,41,26
Kirestin Kylan Carter,KKC2119,29,15,20,11,26
Deirdre Amaya Garcia,DAG0558,20,16,37,25,26
Quinn Roth Jenkins,QRJ1597,44,33,14,39,32
Graham Wade Gordon,GWG0497,12,35,22,24,28
Sebastian Leonard Hobbs,SLH0900,40,45,24,36,24
Bert Dieter Gill,BDG2683,44,30,23,42,28
Melodie Denise Sykes,MDS0680,47,27,25,36,36
Rebekah Ella Frank,REF3266,23,15,21,18,32
Brianna Tatyana Gross,BTG3468,25,30,47,20,36
Idola Kaye Lara,IKL3218,40,13,18,31,17
Holly Xerxes Lara,HXL0968,45,21,35,40,34
Montana Hannah Arnold,MHA0798,11,27,17,22,40
Damon Elton Wilkins,DEW0384,14,34,37,45,47
Kyra Zephr Randall,KZR3830,42,22,45,24,20
Idola Blossom Santiago,IBS1682,13,16,42,18,33
Sophia Bo Whitaker,SBW1672,40,44,23,35,31
Bruce Sawyer Barrera,BSB0990,34,44,13,43,37
Arthur Porter Pratt,APP3678,37,42,28,21,33
Jerome Ivor Prince,JIP0577,45,41,43,36,34
Katelyn Justina Allison,KJA0347,40,44,24,40,36
Marvin Carl Perkins,MCP0611,19,19,19,45,29
Desirae Adena Woodward,DAW0433,39,13,43,42,24
Troy Nicolas Molina,TNM0961,37,50,39,17,32
Elliott Samuel Salazar,ESS3318,36,22,40,19,28
Avye Maile Houston,AMH2170,37,18,27,19,31
Shaeleigh Celeste Christensen,SCC1866,30,17,19,39,32
Jonathan Laith Casey,JLC0216,44,45,25,38,32
Stephen Scott Wright,SSW1556,37,33,16,38,35
Ivan Eric Lester,IEL0302,37,34,38,20,28
Ella Idona Ray,EIR1046,10,45,18,17,23
Geoffrey Rahim Griffin,GRG3005,41,39,29,21,31
Gretchen Yvonne Snider,GYS2461,23,19,27,19,15
Callie Fatima Baxter,CFB0063,42,36,14,36,38
Jerry Buckminster Jordan,JBJ2032,49,38,17,46,27
Byron Drake Hughes,BDH1265,40,46,16,19,30
Haley Gemma Holcomb,HGH0727,40,17,41,32,33
Brandon Nehru Ellison,BNE1140,18,13,41,10,29
Cassidy Eliana Branch,CEB3714,10,38,16,29,35
Vincent Marsden Norman,VMN0743,30,42,28,13,41
Odette Kay Mueller,OKM1092,11,34,38,15,27
Omar Cameron Stephens,OCS1541,42,25,46,26,29
Shelby Isabelle Saunders,SIS0042,27,43,15,42,34
Callie Xyla Merrill,CXM3019,34,31,15,35,23
Mira Gemma Benton,MGB1235,42,11,12,17,36
Hu Ira Shepard,HIS1394,36,43,39,17,27
Porter Rajah Koch,PRK2333,43,45,44,24,29
Fay Kimberly Wilder,FKW1243,35,19,12,30,25
Wylie Robert Stephens,WRS0198,41,41,19,37,30
Giacomo Aaron Nolan,GAN1584,43,41,40,32,32
Hyatt Reese Dean,HRD3637,19,36,44,10,26
Kim Remedios Allen,KRA1047,20,13,21,34,28
Amelia Ashely Best,AAB3987,19,31,39,40,23
Elton Jonas Williamson,EJW0884,46,20,32,26,31
Nathaniel James Stokes,NJS1593,35,46,44,30,33
Lewis Roth Preston,LRP2591,36,37,17,12,34
Raymond Caleb Whitney,RCW2838,41,40,10,26,31
Clinton Gil Grimes,CGG2688,38,30,46,20,38
Natalie Lynn Hicks,NLH2779,34,15,33,49,23
Buffy Gisela Hartman,BGH2610,41,18,35,35,30
